﻿{
   "CodeGenerationMode": 2,
   "ContextClassName": "Biere_BDDContext",
   "ContextNamespace": null,
   "DefaultDacpacSchema": null,
   "FilterSchemas": false,
   "IncludeConnectionString": false,
   "ModelNamespace": null,
   "OutputContextPath": null,
   "OutputPath": null,
   "ProjectRootNamespace": "BeerContext",
   "Schemas": null,
   "SelectedHandlebarsLanguage": 0,
   "SelectedToBeGenerated": 0,
   "Tables": [
      {
         "Name": "[dbo].[Biere]",
         "ObjectType": 0
      },
      {
         "Name": "[dbo].[Brasserie]",
         "ObjectType": 0
      },
      {
         "Name": "[dbo].[Marque]",
         "ObjectType": 0
      },
      {
         "Name": "[dbo].[Pays]",
         "ObjectType": 0
      },
      {
         "Name": "[dbo].[PaysType]",
         "ObjectType": 0
      },
      {
         "Name": "[dbo].[Region]",
         "ObjectType": 0
      },
      {
         "Name": "[dbo].[Type]",
         "ObjectType": 0
      }
   ],
   "UiHint": "THOMASP-PC.Biere_BDD",
   "UseBoolPropertiesWithoutDefaultSql": false,
   "UseDatabaseNames": false,
   "UseDbContextSplitting": false,
   "UseFluentApiOnly": true,
   "UseHandleBars": false,
   "UseHierarchyId": false,
   "UseInflector": false,
   "UseLegacyPluralizer": false,
   "UseManyToManyEntity": false,
   "UseNoConstructor": false,
   "UseNoDefaultConstructor": false,
   "UseNoNavigations": false,
   "UseNoObjectFilter": false,
   "UseNodaTime": false,
   "UseNullableReferences": false,
   "UseSchemaFolders": false,
   "UseSpatial": false
}